Epoch,Loss,Accuracy
1,0.5924517030378321,87.5
2,0.1122606971490008,88.8157894736842
3,0.06380157882406318,87.71929824561404
